{"cameraMode":{"drawMode":0,"name":"Shaded","section":"Shading Mode"},"sceneLighting":true,"audioPlay":false,"sceneViewState":{"m_AlwaysRefresh":false,"showFog":true,"showSkybox":true,"showFlares":true,"showImageEffects":true,"showParticleSystems":true,"showVisualEffectGraphs":true,"m_FxEnabled":true},"in2DMode":false,"pivot":{"x":-2.8721446990966799,"y":0.05884504318237305,"z":-5.640533447265625},"rotation":{"x":0.12410646677017212,"y":0.07730655372142792,"z":-0.009741322137415409,"w":0.9892204999923706},"size":6.063500881195068,"orthographic":false}